CloneNumber,Sequence,GeneID,Symbol,CELLA_1_control,CELLA_2_control,CELLA_3_control,CELLB_1_control,CELLB_2_control,CELLB_3_control,CELLC_1_control,CELLC_2_control,CELLC_3_control,CELLA_1_treat,CELLA_2_treat,CELLA_3_treat,CELLB_1_treat,CELLB_2_treat,CELLB_3_treat,CELLC_1_treat,CELLC_2_treat,CELLC_3_treat
TRCN0000237811,GCGTTCCCGGGACTTACTAAA,NM_016507,CDK12,83173,62238,80753,73365,77092,88944,103089,84506,75692,219399,229301,175016,103801,232069,115012,95838,78458,90569
TRCN0000000689,CTACAACAACCTGAAGCACAA,NM_003674,CDK10,91353,81691,147308,106109,125157,134790,117290,79312,70806,35752,50928,40580,58691,121156,54079,94738,90422,95957
TRCN0000199780,GACGTCCATGTTCGAGTACTT,NM_001261,CDK9,149707,99192,114560,126626,121043,165923,134547,119270,123756,184334,253842,121708,164901,328470,173714,155093,128952,140158
TRCN0000355952,TCTACATCGTGATGAACTATG,NM_033493,CDK11B,28088,23767,84456,34209,37177,44321,39393,27861,24154,22213,22461,18682,21949,51655,22590,35231,29970,37383
TRCN0000010520,ACAGTTCGTGAGGTGGCTTTA,NM_000075,CDK4,347224,413345,635940,437522,459446,475652,459674,367549,302898,493864,837735,470700,453300,1015645,517801,364599,343997,399754
TRCN0000199775,GCGGGAGATTAAGGCTCTGCA,NM_178432,CDK20/CCRK,105902,110122,133947,138159,165285,164334,138184,133647,106045,183501,240078,149372,112649,288061,148001,115052,112377,118319
TRCN0000039959,CCGAGAGATCTCTCTGCTTAA,NM_052827,CDK2,82160,67252,114831,56950,80497,76840,72302,61050,52393,58557,60622,50123,68344,172856,80520,71637,57817,84404
TRCN0000000687,GCTGCACTTCCTGTTCATGTA,"NM_003674,NM_052987",CDK10,102346,113064,101576,170850,188307,183123,211277,175268,146171,75031,164433,61842,180836,430427,214822,200636,167073,184932
TRCN0000000593,GCAGGAGACGACTTACTAGAT,NM_001799,CDK7,91163,90954,184162,103759,107069,129230,121445,82568,100268,29368,44666,30036,109193,236973,109445,100601,102623,104207
TRCN0000199297,CTGGGTCAATTCCTTCTCTAC,NM_178432,CDK20/CCRK,78414,89328,148116,61542,75170,79648,75251,77586,60681,31571,55504,28996,71195,180762,90817,78119,55624,70538
TRCN0000039962,GATCTCAAGAAATTCATGGAT,NM_052827,CDK2,303150,279864,533129,231200,224331,292873,288151,264613,207608,464695,469430,370495,245193,555240,303096,299688,253913,296760
TRCN0000380853,GGCCTCAAGCATGAGTATTTC,NM_024011,CDK11A,109176,88421,86343,217628,198560,254294,238577,186439,191095,25357,32948,27540,119427,242221,116937,159782,213100,202097
TRCN0000039960,CCTGTTCGTACTTACACCCAT,NM_052827,CDK2,132090,143318,293812,134858,156009,160821,143726,125943,101932,52976,98399,62815,129935,319612,160351,124099,123720,155284
TRCN0000320652,ATGTCCAGTAGCCAAGTTCCA,NM_001260,CDK8,285709,250734,334771,284658,305064,316302,313546,236458,209392,218400,305187,203572,142777,352120,157283,234056,209077,238415
TRCN0000039961,ACGGAGCTTGTTATCGCAAAT,NM_052827,CDK2,1103873,1062104,1636796,1201160,938270,1464829,1258249,925141,1082980,1377991,2447296,1271918,1021788,2108577,1019370,937893,1160733,1176836
TRCN0000199114,CCAGAACACCTCGGAGCTGAA,NM_001259,CDK6,80186,74341,83388,146705,159373,151978,161621,127146,119481,129689,201540,88414,120397,298476,125311,164637,143301,141833
TRCN0000003141,GATATTAGAAAGATGCCAGAA,NM_015076,CDK19/CDC2L6,59364,50847,79601,41230,56796,55778,59390,51244,36903,21010,16961,19883,53300,142753,62658,50317,43513,46537
TRCN0000381046,ATGTAGGCATCATAGCCATTC,NM_024011,CDK11A,307913,313616,599462,322051,301737,360277,383828,290111,237856,502183,754558,446762,582311,1168826,615527,228078,287761,278020
TRCN0000379894,ACATCGAGAAGAACAGGATAA,NM_024011,CDK11A,140718,131256,243687,114118,142184,122083,137136,100602,83899,162003,200978,158131,81282,217036,80213,79404,102890,108267
TRCN0000219664,TAATCCATGTGCTCGAATTAC,NM_001799,CDK7,331227,356998,490030,381010,381535,385483,426774,312581,323805,159496,292613,173044,337867,813656,388045,288408,330833,370951
TRCN0000000365,AGGACATATCTGGACAAGGCA,NM_000075,CDK4,97826,108606,200522,109507,127380,136855,135474,100348,80910,170290,273427,159675,56869,141878,65122,94976,90583,120167
TRCN0000002218,TGCCGGACTACAACAAGATCT,NM_178432,CDK20/CCRK,50390,31043,28656,50183,68142,56231,70387,53605,51946,33136,44665,40753,76718,156985,69857,57888,59923,55935
TRCN0000356004,ATGATTCTTTGGCCATCAAAC,NM_033493,CDK11B,132523,118259,218538,103749,101671,140448,120320,102473,89230,40811,43772,38711,93452,211526,90681,81897,109268,105065
TRCN0000194677,CGATTGTACATCTTCACAAAT,NM_003718,CDK13/CDC2L5,150583,152790,293255,113576,112504,176169,150911,114658,103855,523582,539796,341613,127082,253012,105667,144397,154261,156053
TRCN0000000364,GAAATTGGTGTCGGTGCCTAT,NM_000075,CDK4,15129,14198,25221,15283,17813,21720,22639,15355,13152,18938,21111,15356,14364,34948,16716,16329,18159,22814
TRCN0000003144,AGGACTGATAGCTCTTCTTTA,NM_015076,CDK19/CDC2L6,227862,209289,399135,166382,207275,195024,228476,179748,156925,628853,882159,602679,153925,311924,165932,210987,175353,189202
TRCN0000003140,GCTTGTAGAGAGATTGCACTT,NM_015076,CDK19/CDC2L6,293730,247284,355761,177935,163764,238197,208358,208519,170522,345027,348712,308160,179110,370659,196160,212618,213755,217439
TRCN0000194893,CATGAGATGTTCCTATCTTAA,NM_001259,CDK6,410653,525050,800264,541549,616269,582248,609052,529361,428338,70185,75258,72036,369797,704628,382134,445880,485877,535892
TRCN0000196306,GAAACTGATCTAGAGGTTATA,NM_001799,CDK7,124409,111091,196968,82637,116211,117444,106164,93479,69534,126158,128176,93465,103065,221183,104778,129788,95741,112746
TRCN0000000362,CCTTCCCATTTCTCTACACTA,NM_000075,CDK4,281665,316657,561273,257724,254906,289501,339527,296381,282787,71750,85229,80915,189700,422243,256014,281787,239668,287922
TRCN0000320651,GCAGGGCAATAACCACACTAA,NM_001260,CDK8,207978,275063,328742,264694,284308,268985,299466,230751,204891,404875,530959,357120,215856,537819,232494,224551,227558,219264
TRCN0000000596,CATTTAAGAGTTTCCCTGGAA,NM_001799,CDK7,85120,91014,160909,72547,87287,103557,112301,93619,69521,133392,107911,115668,94833,211700,110206,105851,80559,90292
TRCN0000199289,CATGTGGTCCTCCTCGCTATG,NM_003674,CDK10,77063,68425,76730,83695,89638,105600,111449,77881,81704,123168,169920,97425,77292,169208,93349,74778,76300,75528
TRCN0000350344,GCTTACCATGGACCCAATAAA,NM_001260,CDK8,145174,178231,243063,119892,107868,154024,147017,100267,95960,250089,245140,180114,233115,527602,223735,114110,127626,161877
TRCN0000000498,TGATTGAGATTTGTCGAACCA,NM_001261,CDK9,111387,84764,161597,83744,110778,126174,116686,95138,82334,150238,151851,118211,102090,222310,112442,139831,94875,103033
TRCN0000197019,GCCAACAGTAGCCTCATAAAG,NM_015076,CDK19/CDC2L6,64934,57041,105931,60517,56072,72007,74806,53024,42127,13967,21954,13664,29445,72539,26778,64837,56571,72080
TRCN0000000494,GCACAGTTTGGTCCGTTAGAA,NM_001261,CDK9,683191,744232,1128698,747105,750684,813506,869968,631801,628853,1111354,1965346,830119,775104,1792615,840671,588244,743425,748384
TRCN0000039958,GCCTTCCTACACGTTAGATTT,NM_052827,CDK2,48536,46117,97224,30617,33510,45753,44184,33375,32208,98763,108966,98008,42711,95290,45091,41521,37018,49326
TRCN0000001798,GCACTGAAAGAGGAGATTGTT,NM_016507,CDK12/CRKRS,70440,69853,143158,64133,87248,95015,82155,63129,57558,64551,73512,62495,67221,131776,65767,73965,69517,69461
TRCN0000000497,CTACTACATCCACAGAAACAA,NM_001261,CDK9,125116,131521,173734,93353,114303,118372,136313,90691,64974,28076,40941,29416,45602,119309,46425,99115,90360,98540
TRCN0000018364,GATGACTGGCCTCGAGATGTA,NM_000075,CDK4,13,10,12,10,10,14,23,3,16,18,23,22,8,40,12,18,25,29
TRCN0000199892,GTTCGACTTCTGCGAGCATGA,NM_001261,CDK9,7358,6195,5100,24212,34387,23384,38939,35272,29997,15585,24813,9743,27006,69377,30520,55716,31594,25172
TRCN0000195065,CTGAGGAAGATCTAGATTATC,NM_003718,CDK13/CDC2L5,204216,180449,270853,134517,144507,176601,169016,134358,116748,337194,431971,278843,149390,328158,153376,176881,140714,183828
TRCN0000002217,CCCAATATAATCCCAGCTAGT,NM_178432,CDK20/CCRK,46751,28480,55780,24707,23490,30972,26995,26928,24020,37964,36350,45674,41324,84838,41045,46970,28770,28677
TRCN0000199314,CTATGTGACTTGCATCGTGGA,NM_001261,CDK9,74659,53488,70359,111152,119149,118782,130211,80417,88281,29643,39150,23038,88815,212428,99340,101371,97099,108311
TRCN0000000594,TCAGAAGCTAAAGATGGTATA,NM_001799,CDK7,119018,129260,207832,93426,127503,124481,123632,103447,83049,299541,264800,209325,102707,259893,112297,104020,110254,121694
TRCN0000002216,AGAACGATATTGAACAGCTTT,NM_178432,CDK20/CCRK,366610,296652,491729,322453,374689,389534,389871,293302,270031,212771,234802,235698,421227,846985,445021,218119,290182,295725
TRCN0000364121,AGCAGGCGACTTACGAAATAA,NM_016507,CDK12,95809,69989,94712,72140,88539,92226,86338,66074,60467,137664,180075,129468,59802,148765,58483,65252,63284,78244
TRCN0000356003,CCGCTTGGAGCAGTTAGAAAG,NM_033493,CDK11B,11755,7598,7680,11816,14466,12273,14004,12871,13449,10325,7889,6231,9906,30085,10282,6892,14848,12748
TRCN0000010469,GCCATCAAGCTAGCAGACTTT,NM_052827,CDK2,79615,72675,108596,66482,75307,98459,85586,55950,53135,88735,73629,79705,65822,145118,63221,76163,72617,80736
TRCN0000204917,CGAGTCCTCGTCAGCAGAATC,NM_001787,CDK11B,8949,5052,2877,106277,106058,65834,263085,179150,165375,9386,25272,4962,47167,112483,44110,245204,209206,179872
TRCN0000382462,AGTGAGCTCCCAGTAGTCAAA,NM_024011,CDK11A,178393,179407,191559,242273,255092,246714,273827,210622,196049,348210,466554,300143,188238,424874,177793,245180,239375,213887
TRCN0000364124,GGAACCTATGGCCAAGTATAT,NM_016507,CDK12,130602,129864,192083,117964,141698,127095,140685,95472,95167,61281,74654,52647,44029,78957,36647,82968,98774,110727
TRCN0000194866,CAGATGTTGATCAACTAGGAA,NM_001259,CDK6,487618,525083,942381,518545,593502,588391,637391,476460,400360,189637,280510,162202,330784,813681,378250,416960,457749,500045
TRCN0000364126,TTGGACTTGCTCGGCTCTATA,NM_016507,CDK12,230974,237318,327837,191505,233921,204969,243462,164398,161104,336602,390067,276503,139284,290365,144068,201727,178783,192253
TRCN0000381290,CATCCTCAAGGTGGGTGATTT,NM_024011,CDK11A,315098,349940,423336,394708,364472,485744,376053,307492,298077,1693377,2719866,1174288,587062,1256609,595515,308209,332036,373748
TRCN0000364125,ATCGATGAAGGACCGGATATC,NM_016507,CDK12,280181,286891,451223,283225,229930,326128,258259,205560,198902,377924,595424,447567,269258,552967,260540,183598,238942,282906
TRCN0000002215,TCTTGAGGAGTCGCTGTTGAA,NM_178432,CDK20/CCRK,87814,86629,160825,108038,105847,125425,89768,95985,77215,57421,60285,54526,119875,293795,131432,99887,95093,111139
TRCN0000199963,CATCAGCAGCTTGCGGGAGAT,NM_003674,CDK10,23385,16495,13201,90613,88506,76965,113639,86717,80959,55612,80215,30163,92721,248931,99343,128374,94842,95908
TRCN0000196261,GAGAAGTTTGTAACAGATATC,NM_001259,CDK6,95868,65786,125850,47599,59579,73324,66818,57559,47847,15692,14758,21700,39903,96845,40998,83891,67605,65576
TRCN0000000363,CCTAGATTTCCTTCATGCCAA,NM_000075,CDK4,49456,56756,92624,37470,52156,46122,39114,40516,31252,47300,48047,37583,33708,81945,39192,46359,40958,45566
TRCN0000199577,GCACGCCCAGTGAGAACATCT,NM_003674,CDK10,114,112,42,8522,12286,3060,65817,44381,42494,81,434,56,5793,15540,6117,142564,64549,52956
TRCN0000000592,GCTGTAGAAGTGAGTTTGTAA,NM_001799,CDK7,154584,160463,274421,119409,171575,158135,173065,131717,115046,70307,57408,56224,142503,349319,167184,175799,135815,163923
TRCN0000380726,CACTGCATGGAGATCACAATA,NM_024011,CDK11A,478743,590752,1007943,611426,631666,595128,604702,461858,433663,289054,438807,324940,369983,901726,408937,281245,409494,470489
TRCN0000382350,ATGGTGAAGTCACTATTATAT,NM_001260,CDK8,286386,244519,393484,186890,224919,213488,227636,196323,150430,376425,397170,348719,531437,918705,494049,168562,191106,199102
TRCN0000195069,CGTTCGTATTTATCTAGTTTC,NM_015076,CDK19/CDC2L6,173868,139724,287857,96526,88698,123265,135876,130725,118305,227892,171343,170042,134024,246199,152743,148736,135404,146154
TRCN0000000704,CGATGTCTTCTTGCTGATTTA,NM_003718,CDK13/CDC2L5,279047,338904,508539,259231,293746,331415,333360,273111,230492,1109761,1729261,869274,246757,530882,280993,268538,262438,308944
TRCN0000055435,TCTGGAGTGTTGGCTGCATAT,NM_001259,CDK6,107993,114912,177735,115830,139598,140292,125202,105150,82038,55225,54388,52216,42366,75871,37829,110670,85847,90232
TRCN0000199232,CGATCAGTGGTGTCTGTGAAG,NM_003674,CDK10,84656,63709,89262,90813,92522,93044,105478,92372,71893,17178,17411,18221,44051,101858,42271,78122,101416,85067
TRCN0000342369,CGACGTAGTTTCATTGGAAAT,NM_003718,CDK13,165251,164232,307870,128893,128734,178581,172057,122302,121808,643529,540703,352030,167364,319034,146653,194859,167241,210481
TRCN0000196337,GTAACAGATATCGATGAACTA,NM_001259,CDK6,151614,129236,200750,115376,141743,142030,145414,138125,90104,109753,126908,99208,111331,253591,124638,95732,122986,136981
TRCN0000350308,CTAACGTCAGAACCAATATTT,NM_001260,CDK8,193962,145600,159792,98858,90069,132181,108923,76781,61247,12790,9118,9437,71536,168252,57371,81624,86449,96541